request_id,variant,latency_ms,predicted,true_label,correct
7ac8ac72-558e-42fd-bd5a-c4c8bd5306c0,B,9.089,0,0,1
b9a54c57-902c-4309-9d5c-082a7be414bb,B,6.520,0,0,1
13526c70-50ca-4651-a6b3-afa53123c8bf,A,6.162,0,0,1
ab8bb182-6583-492b-8651-6f09b91e9953,B,6.690,0,0,1
8f604168-6a39-45c9-ac0c-7c120fd20ce7,B,6.438,0,0,1
0db752ba-301d-4bcd-a7d9-81efc83ab090,A,6.709,0,0,1
35fd0f23-f7f9-4eb6-8c13-774e53f518df,A,6.661,0,0,1
fac3db0a-d8d3-40bb-afd0-519fe8386b30,A,6.736,1,1,1
cc4a9376-bf94-4216-8be0-352dbcc4e03a,B,7.642,0,0,1
efb217c0-9c56-45e2-9f02-70bbe0dd5fbb,A,8.319,0,0,1
e19bfbc8-2263-4d90-a9d0-8ba1e84cf3cb,A,6.961,0,0,1
8c2bc3ca-3b12-4577-8c0d-5ab65e7b59f8,B,6.847,0,0,1
a26e6c18-af47-4055-9b8e-233d40949fad,A,6.874,0,0,1
3c55d61e-237c-4e47-a8c7-c34d2a10a743,A,6.522,0,0,1
2701d115-1ed5-45ec-b3a8-37d5131ca4ff,A,6.241,0,0,1
c8392e1f-cc23-4331-8664-c1732a4852a9,B,7.262,0,0,1
7b4a26cc-053b-4793-adbd-5162e212cc8f,B,6.593,0,0,1
cd9a30d3-e5e2-497c-b1bb-30794cbcaa32,B,6.757,0,0,1
166aa251-4008-42ad-9258-170e4e3c7743,A,6.111,0,0,1
218914dd-663f-4005-b60f-1106e4e5bfb2,B,7.398,0,0,1
8ad6f638-b4e0-4eb7-aa5e-4325f6fcc0b7,B,7.304,0,0,1
2daf3cdb-8247-405e-b10f-79e94072e851,B,6.692,0,0,1
80423734-5aee-4d5b-b06c-de9817ba14d9,B,6.952,1,1,1
10354bd7-e6c0-4ff0-9609-db44e57c7ed5,A,6.369,0,0,1
2e646e02-aedf-45eb-8736-531d83a7cce5,B,7.564,0,0,1
4a1b49d1-477c-4ca4-8ddd-9f017c84b8cd,B,7.107,0,0,1
d68bb196-b865-42c7-ad60-49b988f25268,A,6.367,1,1,1
5c1ae16c-1048-4c33-85ab-febeceb0f3e1,B,7.170,0,0,1
464688be-2f1d-40e0-9885-0ce754a85057,A,6.624,0,0,1
96af8e7e-5844-479d-ab81-5326049693c6,B,6.945,0,0,1
9dd95d37-e490-4aeb-9125-46344f260704,A,6.503,1,1,1
44c2b752-be2f-46c9-b5d2-21e7f34545ab,B,7.728,0,0,1
5a52fd44-3852-4f6c-b4f5-120d9b1fd4fe,B,7.395,0,0,1
c1341644-8ffa-4a57-90e8-107b134c2825,B,6.856,0,0,1
b7e2761d-79f1-4a71-976b-5da822cde565,A,6.577,0,0,1
c55380b1-0023-4997-94ca-37ae1a594c90,B,7.088,0,0,1
370c1cb0-e8fc-4db6-a64a-fdbc971e6248,B,7.084,0,1,0
22b99efc-c8a5-4ace-bf82-ce7143a6609b,B,8.800,0,0,1
5a2fe76b-7402-4be5-9759-b27e50e5c097,B,7.126,0,0,1
40f89da9-ec3c-4fc5-be75-bafb483ce257,B,6.927,0,0,1
fb2d8384-e3a0-41b0-a64b-ad944f97ee50,A,6.228,0,0,1
bddfcf2e-12c6-4c0d-83cd-01f4cd4ec360,B,6.303,0,0,1
65642b0c-b087-4f48-b059-e0f4df023132,A,5.865,0,0,1
b70069eb-eb59-407c-baf2-8d7dccfd2e1c,A,5.894,0,0,1
2f6a3a13-4fd4-4985-98f5-b1e118fb2543,A,6.433,0,0,1
8535fee0-12ae-41e1-a2cc-7234d25bd567,A,5.859,0,0,1
149b60bd-1e2d-4425-846e-c6e741a1fb39,A,6.659,0,0,1
502ffda7-bb66-40eb-8c61-8649c5de7202,A,6.141,0,0,1
2bcc075f-9fb2-45ae-a7a7-ceb33a5cb997,B,6.089,0,0,1
5769e723-c240-4a12-b637-ef25d9c1f05d,B,6.226,1,1,1
c8de72b5-7930-4ed3-9c69-83b865b65414,B,6.430,1,1,1
3df7d635-a833-4677-b03c-f11ac3e38666,A,6.076,0,0,1
7493d441-9a30-4635-9941-6eb02bbd4825,B,6.637,0,0,1
36f47aca-23ad-4108-b754-240d628f226b,A,5.979,0,0,1
1b987c73-c29f-4c51-a9ad-1ee9b0b6571e,B,6.470,0,0,1
fb399e37-835d-4314-a098-1d36c83276b2,A,6.392,0,0,1
d97ea7f5-ac82-47e6-85b7-d6aca96d266f,A,6.122,0,0,1
a41e0ed8-d3ee-4193-8df2-c5c1b0fe02d5,A,7.957,1,1,1
b9627943-a942-47ef-b9c1-51c340dbbf31,A,6.653,0,0,1
6e83b796-920f-4920-806d-9571f1f53f1c,B,6.563,0,0,1
b71ac0d2-4a43-486c-93e3-f757912697c7,A,6.365,1,1,1
44c1a14e-6a00-46a0-9d91-1b29c0bfa086,A,6.882,0,0,1
a7149030-4351-40bf-8c0e-f84895c11422,A,6.061,1,1,1
77b99be3-f6ff-4fc2-817e-7047a9459d3c,A,6.308,0,0,1
f9fbe985-d49b-4ce1-b31e-25385f1babbd,A,7.299,0,0,1
030b9996-c379-4d71-b78b-ca08fa529856,A,6.569,0,0,1
07da277c-53d2-4624-aa19-233bdb898325,A,6.369,0,0,1
b4395adc-3622-4129-8f1a-f722e8a8f58d,A,6.305,0,0,1
015565e3-9966-4373-a821-7d8b2d488088,B,7.214,0,0,1
d06707a4-a3e5-41af-a6e9-215c877aa6da,A,6.252,0,0,1
3ec06a93-3969-4c44-91e1-afbebf07b6df,A,6.607,1,1,1
063fcbdd-3d68-4689-ac55-a5f63fc9c16c,A,5.997,0,0,1
29bac0c9-4359-44d5-9449-94eb0c28d929,B,6.592,1,1,1
d36ee568-b1a9-47d9-94f9-94f4280483a0,A,7.037,0,0,1
dabbd2ab-5e23-4947-9e10-648e74f54809,B,7.675,0,0,1
0a0cc0c6-f2e0-4816-8db0-f7887203c2f8,A,7.113,0,0,1
7cdb8977-c7b5-4a7c-af63-1a0b3df549ef,B,6.315,0,0,1
3c4b4485-9691-46ad-bccc-781c48b09a08,A,6.483,0,0,1
4e3c9ba5-bfb0-4b27-af89-50198532aad0,A,6.571,0,0,1
0d1c039a-58cf-485d-9e57-96b4d452bed7,B,6.745,0,0,1
c970f3dd-f2fa-4bbb-9a74-ef7462628fc4,A,6.279,0,0,1
e3c12ec2-6f24-4e42-be7e-04be4d504350,B,6.088,0,0,1
22da5046-4e5a-4af3-89d0-81b1fa03d169,B,8.615,0,0,1
7903bd4b-0e99-4280-a9ab-fab7f86ff717,B,6.713,0,0,1
b11e8e96-4f9b-4d61-b0e4-0850216c4247,B,6.718,0,0,1
67f37c1b-51db-4752-b62e-09d22e3db39d,B,6.461,0,0,1
72d0c9ac-3dcd-49a0-ba33-0df00c8303f0,A,6.409,0,0,1
9460a8fc-c29b-409e-9768-3b75165d3b64,A,6.245,0,0,1
bf979d41-6891-427b-8cc7-a0c944d5b13a,B,7.810,0,0,1
6df3f310-31fc-4bc5-917b-13022d465628,A,6.722,0,0,1
6059c428-0087-4fea-b671-ce1baa2e4680,B,6.438,0,0,1
b25bc9cb-d135-4936-b178-7d21a6e37397,B,6.951,0,0,1
22885408-ec6b-46ee-a4cc-7242f6ef08bc,A,9.010,0,0,1
54a1166e-f00d-417d-9f23-a4453adad4c6,B,7.680,0,0,1
0d1d7030-2d6d-47de-b14b-44f2200fe64c,B,7.237,0,0,1
9f2d0f88-bb18-4563-9c29-040b36ef982a,B,6.625,0,0,1
e7ce9d20-97ec-4843-91a9-e25f0e53d917,B,54.416,0,0,1
2ac8326c-2508-44e3-bf59-55f26872c47a,A,6.986,0,0,1
df7aabb4-77ac-4c48-81e6-de09e5a66533,B,7.759,0,0,1
756c84cb-c6f5-4e78-80f1-f0695f8972ea,A,8.767,0,0,1
c98a24f0-ab67-4e92-8955-9e98646f31a2,A,7.483,0,0,1
0fffd79b-ea3d-4ea1-91b9-8449d498d1ca,A,7.293,0,0,1
cc2cb3a9-833a-40ee-a2f7-2ac15f521e47,B,6.991,0,0,1
dc99d02b-f5af-485f-9d11-f509d0edc2c2,B,6.953,1,1,1
c0341b41-1908-4297-9f0a-183dc2d9f9b7,A,6.765,0,0,1
393821cf-e4ec-4f9b-b8d1-fba446b42089,B,6.803,0,0,1
5f69448f-4b79-4092-be20-74a6667799e3,B,6.433,0,0,1
b7352e4a-8f53-4d60-99dd-d23fe8f90cfb,A,5.771,0,0,1
501851d8-b27d-4dd5-96ca-78719a800675,A,6.464,0,0,1
a8909cfc-0eb9-4172-a5e9-cb71149e8c9b,A,6.360,0,0,1
c2f12b10-df3f-4451-9eda-ba8b13177e8d,A,6.246,0,0,1
8a91018e-84aa-4517-867d-8a1fca95ce17,A,6.536,0,0,1
c7bc5360-f54d-4f6f-8e6c-2d544d0d6164,B,6.929,0,0,1
44a956bd-e863-4d96-a8e9-f62f1ef08cd6,A,6.623,0,0,1
4f78443d-13b6-49d8-970d-d9bd7de973d6,A,6.874,0,0,1
e01578ca-8edc-466f-9a16-b2cf5679e82a,B,6.853,0,0,1
ec4a6998-49be-4fde-854a-960c74d4f006,B,7.166,0,0,1
d3c9243a-8531-4f1d-9a07-2441f38c8885,B,6.553,0,0,1
1a6a92bd-45b3-437e-bc95-174ccded1082,B,6.420,0,0,1
2692711a-1169-4075-b6ee-931d8f3c5294,A,7.571,0,0,1
17443a90-9b55-4b48-988f-2ca5226ef071,B,7.545,0,0,1
00d90f44-dcfc-4a76-8504-ad174a870f2b,B,6.341,0,0,1
e10c5cb4-8583-4581-8db2-faef17b09a45,B,7.355,0,0,1
d7d4b2cb-48f7-45c2-8815-de392270dfda,A,6.910,0,0,1
040ab2a4-97d3-4ba6-b4d3-f23cf4e2b07e,A,6.617,1,1,1
a83937f3-e401-4a90-bf10-81bdce501510,A,6.978,0,0,1
945936af-d8a0-40bd-8272-b807cb366339,A,6.825,1,1,1
47b21e90-17b3-4af9-a628-310aadc79163,B,7.424,0,0,1
0df62a9d-c8fc-4b52-ab3a-847ede4c2108,A,6.875,0,0,1
e0a93b55-42ad-4718-99ad-2c51fc74ccc7,B,7.532,1,1,1
f1bf1111-abbb-451b-ac91-fee229a8ee32,B,6.881,0,0,1
f9efbccd-4f13-4628-aca8-327746c92f9a,A,6.725,0,0,1
9b0b8260-1d38-411e-b7da-27d517d137f9,B,7.330,0,0,1
b61c123f-4385-45c7-80fd-8099e57fce87,B,6.958,0,0,1
a64301bd-bcb1-452d-adc3-0ebacb38f501,B,7.357,0,0,1
bb465443-7ae0-43ef-b771-514e98ec1d43,B,6.873,0,1,0
46c7d666-bab0-4c4d-acc5-7931f451f6bf,B,6.967,0,0,1
0cba49cb-3dd3-4394-a366-97669ab825d0,B,7.385,0,0,1
76d2c7bd-ecd3-4872-aa62-b91f3fdeaebf,B,7.056,0,0,1
739d1641-bcb1-4efb-bc8a-57dc20e1c33a,B,6.842,0,0,1
61283b5b-6a6a-465f-8afb-931295e00d0b,A,6.568,0,0,1
0702953d-5c17-4d24-ad18-de506b653dee,B,7.729,0,0,1
965f5b4d-6e41-4be0-b301-24e57b0f54f4,A,6.736,0,0,1
47d3b65c-4c30-4e98-b8b3-245b20c570be,B,7.213,1,1,1
a0988e59-7fc5-4d06-9963-c2cc1a188f2c,B,7.607,0,0,1
b2f73e10-17eb-45b6-8439-4f9af5a12dad,B,7.373,0,0,1
47b0ed4d-47b0-4402-a587-fbcd6b904f5a,B,9.056,0,0,1
669bb23a-f912-4bf7-9ed0-d97f83a02e2d,A,7.099,0,0,1
790f55e2-9fb0-40fd-9477-c1a9c6a1d50a,B,7.380,0,0,1
61ce7a26-5784-498c-8ef9-44b0ee1e83e1,A,8.542,0,0,1
d519326d-256d-42e9-9249-6dd2cbcf1edb,A,8.441,0,0,1
4d5f14fe-e4fc-4d6c-8bd9-8c1bcb8e921d,A,6.952,0,0,1
cad5e3d7-8ca4-40af-a2eb-a05e074ce70d,B,7.038,0,0,1
649aa68e-a8e1-457c-89ad-e678998bdf02,A,10.139,0,0,1
a7a88a6a-7cd6-4d24-8457-29e9b26f9044,B,9.079,1,1,1
2b8783e5-79b9-4f9d-94e1-7c264af16dcc,B,7.849,0,0,1
ce58d1a0-925e-483a-885c-de9316de374d,B,7.066,0,0,1
5f235028-364c-4314-9cb9-ae5cda76c2bb,A,6.615,0,0,1
3519eaea-40ad-4e00-87aa-c32ae37c6439,B,7.302,0,0,1
545c5857-bf1b-4329-a45f-a6a7f1f36214,B,7.652,1,1,1
6ae2d731-d4f1-471d-bf79-50c43cae5027,A,6.964,0,0,1
bd2f242b-b93f-4a70-8f81-686a092f2230,B,7.541,0,0,1
36fbe92e-9267-44f4-92d2-03c9c538f782,B,6.576,0,0,1
a3cd517f-16a2-4902-93cc-ad03fb8d611d,A,6.632,0,0,1
8334fe13-fd66-4bd8-83c6-a730738001b6,A,6.257,0,0,1
cf2bf70f-6346-4f3f-8d57-a8bc79037cc9,A,5.943,0,0,1
88a1e988-1096-4a88-8758-d7f902ef3ceb,A,6.654,0,0,1
ffca9dc3-58f0-40a7-854b-53b7232b507d,A,6.443,0,0,1
0872a832-f849-42fc-9e9c-52ca7538bdbd,A,6.749,0,0,1
81729318-7452-4b51-b03c-9c104022dba4,A,6.542,0,0,1
1c62bef9-509f-454f-b200-16ee116d4d0b,A,6.502,0,0,1
32c2e4e0-3d9b-4e3e-8521-23ab27c72709,A,6.370,0,0,1
b73ebfc9-992c-42fc-a69b-590ce16d4b1e,A,6.310,1,1,1
c392c6ca-97c8-415b-80d4-51248768a377,B,6.383,0,0,1
a463fa83-ee3d-4d83-9a77-cbb8a3c8b4a3,A,6.225,0,0,1
91a6c7c7-46ca-448c-bce0-4be84f06211b,A,6.813,0,0,1
c7b40199-454f-4cc7-b12c-1ce0f3762ba4,A,6.652,0,0,1
cc9ebb62-2fb1-41a4-8cca-4ea84ca1e732,B,6.584,0,0,1
062e1063-a050-404b-a31b-ebb48f0a7c8c,A,6.411,0,0,1
407bb1a7-bdea-42db-8917-1500b313b786,B,6.797,0,0,1
c899ff34-806b-4763-99dc-976ca65e5fb9,A,6.241,0,0,1
0f0d8b6b-5bcd-482e-b1f9-1d3b60c15a9b,A,6.873,0,0,1
444d42ad-f470-40a7-800c-fc7426c67e39,B,6.888,0,0,1
bc4aaa69-3e9c-407b-ab32-77f99dcb9422,B,6.910,0,0,1
b910a5ad-5874-47cc-be2b-53d406ec93e1,A,7.176,0,0,1
0f3218ab-e687-4b71-b69c-49eb3b9f76b4,A,6.613,0,0,1
5786f173-74b9-41a2-a5a8-ff7f1946006c,A,6.787,0,0,1
08c5b7e0-9808-4db3-a0bd-7ba29b249650,A,6.449,0,0,1
e6254262-0c89-435d-bb48-c01b964f4e08,B,7.758,0,0,1
de9f0bbb-05d7-4920-a086-9a484925de64,A,5.904,0,0,1
99a01b6e-f595-4c71-9ec6-58dd00bc6ad3,B,6.981,0,0,1
c0d858f4-20b2-46a4-8ef3-de78922ec2d3,B,7.206,0,0,1
bc69b6f5-93db-48e5-835e-823c7f7d059e,B,7.190,0,0,1
9788b9da-f4fb-4d3a-a9e7-e4fd239660ff,B,6.575,0,0,1
59ab116f-b2d4-4aae-8b19-fd00b3216fa9,B,7.044,0,0,1
e13c241d-f4fa-47cd-a3aa-d98366ce84a9,A,6.709,0,0,1
ce4df180-ecad-4d59-bed3-6802a9c58437,B,6.626,0,0,1
a9b7c957-6cc9-4a58-9530-735e86279d7d,B,6.937,1,1,1
f2f263dd-c928-49f5-96ad-74e9cff12413,B,6.842,0,0,1
6769688d-1ec2-4c83-b5fd-60aa3b81958e,A,7.071,0,0,1
5fee9db9-c923-4fe3-9d2e-b6b0bc3c49d1,B,6.911,0,0,1
afc9af6f-73db-4311-990f-b6e048010eb2,A,7.137,0,0,1
908f3791-087c-4bf5-8fa8-3160d9708e79,B,7.197,1,1,1
a8fe9469-cbb2-4db7-807b-e57592cab8d9,B,6.765,0,0,1
24e7d0e9-b727-4ece-9c42-613e63603a18,A,6.777,0,0,1
1fd99f6f-8790-4c67-aa7c-b327fe0102cf,B,7.073,0,0,1
ebd92dde-cf04-427e-86b3-44f008f8298e,A,6.493,1,1,1
ca34d4af-a903-4d5a-9394-4eb54312062a,A,6.204,0,0,1
29a71a7e-09fa-4b43-8824-7ad3d2f7421d,A,6.776,0,0,1
2079f724-989c-48f5-b5b5-1f8ce18e7de5,B,7.059,1,0,0
ead1acc7-a434-4656-91b3-f4920511f138,B,7.178,0,0,1
36ab94b4-d739-4680-889c-eff276a8fea8,A,7.325,1,1,1
7c55ae74-dcea-4310-b378-8a58d1b96657,B,6.889,0,0,1
c94f4d4b-dd8a-457b-95eb-8b57b9856f10,A,7.001,0,0,1
7b71db7a-6160-4cb7-9ac2-559a6794eec7,B,8.226,0,0,1
56a57bb8-e3ab-492c-871c-8083a65da26a,A,6.570,0,0,1
392c2c00-c37f-4d91-a297-d077154e4fae,A,6.890,0,0,1
f2adffb2-d910-4c37-9659-d0fb4d4ed165,B,7.002,0,0,1
ffe15334-8731-4915-bbf5-f5b6c61e1167,A,6.693,0,0,1
a7c59d28-37d0-477f-8680-389d9be81b8f,A,6.572,0,0,1
9aa2743a-4e8f-4e82-b0f4-7d1b751ec86d,A,7.157,0,0,1
1eb74d97-93a7-4463-93f8-abad52a315ca,B,8.222,0,0,1
7a6a6399-c494-4b9a-82ba-6860a47e0648,A,7.125,0,0,1
86ac0afe-15b8-4d2d-86b7-a8a25e7b1aab,B,8.795,0,0,1
5a8970e0-8d3e-4d81-856b-da572ecfa04d,A,6.924,0,0,1
6cdfebde-562b-446e-bcd0-5f4f1cf5962f,B,7.018,0,0,1
bbb2ab9a-edc0-4ed7-a3fc-fdafa710da65,A,6.538,0,0,1
c59e98b3-697e-4678-9056-a6911b68a97b,B,7.368,0,0,1
30fceaa1-be40-4f82-a262-37245a9bd800,A,6.921,0,0,1
78115c77-0d5a-40cd-a201-6f9e62353016,A,6.613,0,0,1
cbe40608-d7d1-42ed-bdc0-8f31af200066,B,7.201,0,0,1
0da89cd6-3c63-4922-90b8-f154c9c5ac0a,A,7.312,0,0,1
ed7a547c-dc95-4f30-ae6c-066aee3ae9eb,A,6.660,0,0,1
50922854-6ebc-4836-a349-f42840e00afa,A,6.886,0,0,1
686ecd50-5a30-4ebd-ac40-80affbfac34f,B,7.458,0,0,1
790651bf-1bd0-4d89-a227-0e2be1cb682c,B,6.752,0,0,1
e01bbc6d-1db6-46db-a056-c49fb678073a,A,6.792,0,0,1
4ac018b3-c1a6-45a6-adc6-43b29a333e36,B,6.990,0,0,1
3dd20e37-e2b9-4831-bf88-22cae12b1476,B,6.999,0,0,1
9466ac2d-f7b7-4687-85dc-1c2fc276c7ea,A,6.820,1,1,1
e0d3bc81-5727-404f-bcb9-d6d669dbf37c,B,7.185,0,0,1
7dc02f42-df0c-478a-9f9c-e9ce434bcab1,A,6.573,0,0,1
8dc10ce6-5c46-4206-b12d-f417d3f5526d,A,6.312,0,0,1
1458bf18-7ff6-4765-9c1c-240b613ecd01,B,6.875,0,0,1
30c66cf1-aca1-4bd8-b23c-1580ea046a45,B,6.861,0,0,1
a029ff0e-ec04-4c09-b3db-ff0f7a927193,A,7.514,0,0,1
85ad08a9-82ad-4198-991e-2c1ce71bed92,A,6.383,0,0,1
a21a9587-688e-4a6e-b2fd-72482ad5541c,B,6.574,0,0,1
18e0d3dd-4d3d-40cb-80a4-a6ed1ff4c87c,B,7.032,1,1,1
002a10af-cb8b-4ee0-8ecd-8a9ceaa480bd,B,6.918,0,0,1
3a9e2363-958b-43c5-8fe8-11127d697d52,A,6.985,0,0,1
343a6e56-e429-4091-ad4e-f3a27be6e4bc,B,7.066,0,0,1
a8d33fa0-a632-474d-a520-e1f45f2dd7a0,B,7.190,0,0,1
b20cff81-6bb7-4a88-aec3-b85d51915c22,A,6.152,0,0,1
fe93db7b-01af-4ad1-8e69-ae73ea9ec584,A,6.669,0,0,1
48ffbbb9-2664-4381-8004-f8f60bed9c52,B,7.403,0,0,1
0e04d605-0592-4708-80ab-c622e60e6a1b,B,6.977,0,0,1
7f16b5c2-c76b-4f76-a38a-b25408ecb648,A,6.526,0,0,1
dba411ee-3a22-4d06-b332-65c334e366ac,B,7.201,0,0,1
b9aa1062-b641-4731-913d-17f474f8b5a5,B,7.226,0,0,1
062fe8b8-27bd-4571-b57d-a7f75bb62b66,A,6.599,0,0,1
adbc3611-4d21-45f7-9571-a238e83d46c1,A,7.307,0,0,1
073accf2-8ec1-4a61-b5df-c9056d2e0ebf,B,6.890,0,0,1
e5130217-a8b3-45d9-851b-a4025e5f06d7,A,6.534,0,0,1
42272f9b-23c3-4c0e-91c5-a772ee9244da,A,6.700,0,0,1
150161ea-e21d-47ae-9dff-0129f08c2fd8,B,7.075,0,0,1
6b410255-27f9-4675-96b6-b6a3981385f1,A,6.549,0,0,1
be36b82f-6893-4df6-be1c-ecffc4af0178,A,6.004,1,1,1
c96f1943-9fd2-44d8-9fe8-3331e08855b7,B,7.039,0,0,1
39ef5e3a-ecf1-4e7d-aed1-003e1cf7ecbb,B,6.963,0,0,1
68936f29-267c-40e1-b848-2f007fe40630,A,6.096,1,1,1
7aef31b1-c487-4b8a-996d-8b18f442939c,B,6.667,0,0,1
c71af9e0-9e0f-4af0-9737-255e36bab171,B,7.235,0,0,1
d93c87f3-19ca-4e38-80bb-be10a1f47abe,B,6.831,0,0,1
f9f9134d-6400-4c08-aa4e-e7adcc7e8123,B,6.299,0,0,1
b97bc2a2-1f5f-4aa2-8090-83d7b0f20d0b,A,6.844,0,0,1
a2292b9c-ed18-4123-bc26-88a77ce7fd97,B,7.372,0,0,1
4b42e393-a639-4d14-b99b-37e07ea22910,A,6.575,1,1,1
c318e069-d6ef-4cba-8abc-276b4b4162be,A,6.484,0,0,1
938bb9d6-cf37-4256-a0bd-e38ede96723c,A,7.285,0,0,1
6921b8f1-864a-4f2a-9106-6accd3a4f583,B,6.573,1,1,1
b826a64a-d1a7-4fdf-ad5a-66bfc5d3b3a8,A,6.624,0,0,1
7b3e1422-5724-4d60-98e4-b3391ee8bcc3,A,6.894,0,0,1
9d3226d2-271c-4685-b4b5-954e8f009d39,A,5.852,0,0,1
185b213a-0cab-4b35-919c-cd7428fb41cc,A,5.809,0,0,1
c24edc37-6233-493d-a1cf-268e71e88e06,B,6.450,0,0,1
f6be8417-430c-4804-ab86-9fd9edfe7d9e,A,6.367,0,0,1
8376cfda-9db6-4f16-8a7c-46e999f918a5,B,7.368,1,1,1
2ff2b371-1735-476c-ac1f-17b6d426e381,A,6.506,1,1,1
705b4c07-03d7-42bb-b343-5882d5d036cd,A,6.873,0,0,1
697b5383-118f-404a-a86a-4bcd68ff5313,A,6.533,0,0,1
58c0eba4-e24a-4fa0-b490-0fa362f4802c,A,7.221,0,0,1
0804fb47-8992-4e84-9358-0f8bdd4c7926,B,6.834,0,0,1
21c307d8-f5ed-4392-adf5-00927749308b,B,6.618,1,1,1
22449038-548b-4f43-bb93-be8770ac34cd,B,6.673,0,0,1
638509de-6108-474a-9889-0c168eb19629,B,7.684,0,0,1
7a00106d-a562-47cd-b474-35742b5b55c0,B,8.033,1,1,1
e4071dbd-885c-40d8-bb38-d771d3b92693,B,6.751,0,0,1
0ce16f85-5a78-49a9-aa7b-b73b577b0b77,B,6.684,0,0,1
050659e3-0929-42d5-a582-13447505a43e,B,9.544,0,0,1
dc13b410-bd81-4169-9df1-2ac971588701,B,6.845,0,0,1
c19c477c-3ddc-47e9-80b9-63187c86f5c0,B,6.365,0,0,1
85f0f535-a4f1-4ad6-99a5-387bcab2832e,B,6.615,0,0,1
b5817c89-b137-4e18-acb4-e3ee404bb841,A,6.426,0,0,1
18b80519-02df-4973-8082-0221f0c3dc69,A,6.323,0,0,1
36111a3e-fd79-408b-b4c9-641204f09e0a,A,6.759,0,0,1
6924d4ce-bc1d-4005-afa3-ee47c73f12c6,A,6.884,0,0,1
e4d823bc-f9bc-40a9-b298-7fe71f4ab6bc,A,6.610,0,0,1
9a716967-7da0-45c6-83a6-a2c1438e8fb9,A,6.051,0,0,1
f8d477c8-3d30-42eb-b9dd-b85dd3c1eec9,A,6.742,1,1,1
6d231ea8-470f-4150-af87-6829290b814f,A,6.401,0,0,1
b27d977c-883a-4a04-9c55-f74a4d399aad,B,6.622,0,0,1
7f1d7b65-f8ed-4d30-b7ed-cfeba6448b42,A,6.000,0,0,1
afac35f0-cda1-49c5-bd0f-46daa36f715e,A,6.617,0,0,1
a5f802c3-1985-4eab-82de-20ac0bfe18aa,A,5.837,0,0,1
cd3d5657-26b3-4a13-848f-63bc2b1dc3d2,A,6.159,0,0,1
cd868d1e-8b1a-4fb9-a1d2-789beb415181,A,7.056,0,0,1
7869ba89-7e74-45a3-a992-730b0fb8930b,B,6.754,0,0,1
7fdb52a0-305a-4cfc-8281-e7ba230361a7,B,6.649,0,0,1
1764f0dc-e835-42bd-8879-75ed4808eebb,A,6.653,1,1,1
cf7cf48a-e55c-4d62-9292-a141aba4f9cf,B,7.058,0,0,1
804778e3-a45c-4cb1-930d-e3d495515bdc,B,6.808,0,0,1
a48025c8-faa9-413f-923a-705bf921c00c,B,7.474,0,0,1
44afa8c0-21a4-484c-aef9-dc2d955d76b0,B,7.500,0,0,1
adefe3b2-3354-4a6e-bf30-aaf69906b7d5,B,8.023,0,0,1
44a6a3e8-7496-4221-82ef-42b383fc80f0,A,6.741,0,0,1
16759630-6a30-4c07-86f1-deaf74889dcb,B,7.407,0,0,1
70f55cca-6f48-4253-8515-543e5afac1df,A,6.510,0,0,1
f2a74dda-3196-4af7-abe7-775bdf45a29a,A,6.476,0,0,1
23cd296e-f8a7-4b6a-9475-888204dcdc53,B,6.817,0,0,1
371f7757-12d6-4161-923e-95b8448c6507,B,6.717,0,0,1
3abbc3c4-8dc6-45bc-bb6b-3509428f4a67,B,7.013,0,0,1
dc279c75-c4f0-44aa-b909-f4ac90726636,A,6.076,0,0,1
830c2cc1-ce7f-4346-a661-599bef262767,B,6.698,1,1,1
603d403f-4095-4662-84f3-cd6f80fbb450,A,7.240,0,0,1
8f52b45b-34c1-46a1-987e-e367c2aa1870,A,6.470,0,0,1
628f4720-c2ec-42ca-9acc-b04e359992d5,B,6.843,0,0,1
16cca883-6ba7-48dd-89ba-11c346a507be,B,6.999,1,1,1
04232c67-65f6-4262-81b8-4edfb383178e,A,6.998,0,0,1
d640e5c4-5130-457b-91f9-fdc4e8e8af91,A,6.281,0,0,1
453fdb0b-f74e-448c-ac3c-144ce505af66,A,6.714,0,0,1
0111b203-f25f-48ee-b824-4ae1298b26d5,B,7.262,0,0,1
d608b492-6bf2-4ad8-aad4-1a265dd1f759,A,6.433,0,0,1
dc50c20a-39e5-4b25-a44e-22ce9aa85a9e,B,6.720,0,0,1
ef032f31-bef4-4e89-bfcb-91fa9d769232,B,6.989,1,1,1
77b0f994-77d1-4aac-b2ef-d4856e50e70d,B,6.281,0,0,1
62c37345-e28a-4663-a24f-c61b18b8517a,A,6.133,0,0,1
cefb6f1a-9c2f-403f-8c29-2482963e815a,B,7.258,0,0,1
42dae189-626d-49b2-9f98-3d5bc4c31f4d,B,6.567,0,0,1
8c2a9e9c-5e37-4b5e-9341-4a1e4598f3dd,A,6.256,1,1,1
0713f3a7-facb-4f2a-b58c-2a56256572ac,B,7.553,0,0,1
366588e5-2490-4852-a045-5ab650070a0b,B,7.226,0,0,1
3ee6b555-3f9c-4108-af08-916ec488bd66,A,6.704,0,0,1
aaf4d3f8-0e0f-4b12-a3a0-419d1e253471,A,6.816,0,0,1
90202827-0dcf-4c7c-93c8-72978c201f90,B,6.641,0,0,1
7d963668-c385-4970-acd8-a148c7fa2e6c,A,6.975,0,0,1
3d2404a2-a70f-42ed-8869-ad95dceac490,B,6.831,0,0,1
065946bf-a422-4bf0-9d71-818439c2c1c8,B,7.088,0,0,1
4b408252-1ed3-4178-b678-6d4210f239a5,A,6.243,0,0,1
61d89abf-43c6-4186-aab0-0c77eb8ddc9b,B,7.047,0,0,1
87e5e912-ec1f-468c-98c5-53b669f0e306,A,6.367,0,0,1
dfb697c5-5d54-4ed0-855e-c26b92c1fcfc,B,7.186,0,0,1
002f071b-856d-4a2c-b00b-f92647c278c1,B,6.759,0,0,1
f0d2ec23-74f4-4269-8f00-464ce1a2be41,B,6.585,0,0,1
ff6bd21f-b91a-405d-b16a-0357be102e28,B,7.369,0,0,1
65fb4f0f-38fe-41b0-9ab8-ebf9582bc00b,A,6.624,0,0,1
0482f1e4-4f72-4104-8fd1-f11b20eb6fa7,B,6.541,0,0,1
8e8ae0be-3a1b-4291-b092-d3a9dfa9bbac,B,6.659,0,0,1
9cdb41ac-1c9f-434c-a64d-c3b127b496f8,B,6.865,0,0,1
7bfa9e2e-4d5b-4434-917c-ef5cae7e7ca3,B,6.537,0,0,1
ce865107-fc5a-4f96-8432-a8e31c46bcfa,A,6.415,0,0,1
e7d0ff62-e62f-4d30-a43e-0387570f16ec,A,6.257,0,0,1
b72b2e3a-cc79-4f48-aad2-4dc283c2166a,A,6.267,0,0,1
304ee3c7-9d7d-4931-b528-a41124e21f51,B,6.739,0,0,1
f69eced1-0f3d-424f-a664-de342824bdd5,A,6.407,0,0,1
ac5df541-6f8f-47a2-98ab-c4ac29196c1b,A,6.006,0,0,1
f493fdf0-bc15-466e-821f-fb809d40c637,A,6.427,0,0,1
ea786a96-0c58-454d-97f7-ed18a27e7c97,A,6.378,0,0,1
e685c164-195e-44d7-9705-fe4ab274576d,B,6.954,1,1,1
f01ba36e-ce19-4f71-b41f-70e7447e9d96,A,6.637,1,1,1
88dabcd4-c318-4811-a30f-f0ea82667ef9,B,7.331,0,0,1
7c06a569-162f-463b-a430-b78d8448737b,A,6.708,0,0,1
42b49197-45ab-4271-bf2f-b97f99c4349c,B,7.033,0,0,1
69b63f86-0122-4bfb-b4dd-cb4e6af8ea87,B,7.505,0,0,1
bdcd4ef3-364b-421c-aad6-aa364c2728da,B,7.168,0,0,1
76f6b8b5-61d8-4f38-a391-aec8e94f0a52,B,7.064,0,0,1
602518fd-950a-4b38-bbff-438b683abef8,A,7.220,0,0,1
993318ec-25b8-4550-89f3-90b4c0bf9dcb,B,6.814,0,0,1
ba976a53-12bf-4e51-a91b-382767e49f69,B,7.321,1,1,1
89abe03b-a7fd-48a1-9ebe-80a161538f63,B,6.863,0,0,1
296875af-5367-4520-9af0-aabbf8110ffb,B,9.253,0,0,1
ee5a99c9-337f-4a41-9f13-9e17071e5d87,B,6.938,1,1,1
44dfb2c0-129e-49a2-b39d-6e8b1953ce36,A,6.712,0,0,1
e9278016-d79b-420d-be14-1df36d92e87a,B,7.260,0,0,1
585fcaf2-da73-4496-bf6e-183d13295dff,A,7.240,0,0,1
8b05185f-e2a5-4625-af7d-88b4dd9994ef,A,6.570,0,0,1
76bb21e6-bf85-4ae3-a94e-b452978c5c27,B,6.988,0,0,1
cd658daa-6cd6-4210-aa03-93da395e6225,B,6.893,1,1,1
21d79ee7-4d9a-4631-9b81-f4ad5503caae,A,7.121,0,0,1
3254c7a8-0934-40a4-a4f4-4e5b8b76a52e,A,7.148,0,0,1
31d67779-79d1-458f-83a2-88fed729bd40,B,6.611,1,1,1
23ac30cf-e58a-46c4-a4d2-0efa97967161,A,6.832,0,0,1
a8ded81e-4a68-40cb-8306-533c85d324a0,B,6.936,0,0,1
99b6789b-680f-41aa-9954-873e363027c9,A,6.260,0,0,1
89835074-414b-4a56-b9ef-abb6a657d8e4,B,6.562,0,0,1
2fbf0af9-3945-439a-855f-6dfed87cae30,A,7.125,1,1,1
a3c76b2c-dad7-44a0-a392-67477f939e04,A,6.747,1,1,1
4c9ec569-7cec-4778-be13-f2d89db303ce,A,6.034,1,1,1
3d4c2d40-17bb-4ab1-bacd-f00079b246bf,B,7.136,0,1,0
0b77b756-d25d-4465-b9cf-270122c35dfe,A,6.474,0,0,1
f59470c0-d8c0-4ec4-a7d6-3ba409eae0b4,A,7.207,0,0,1
08fa7630-613a-4e75-9540-cbf0a6652d10,B,8.227,0,0,1
6fc70984-bc44-43fd-846a-eed88fec610c,B,8.359,0,0,1
c1dbfb41-93f1-4651-819d-3373a5745c35,B,6.882,0,1,0
b39a80d1-34c4-46cf-a355-608e2e71a547,A,6.484,0,0,1
9a5a8276-ba32-41f8-8504-52300d0ed6c4,A,6.707,0,0,1
6f96ddca-252e-4f70-aae8-8653a6220acb,A,7.262,0,0,1
96994131-63c3-4568-a719-d998fb3465be,A,7.213,0,0,1
1e68806f-ea45-49a0-8971-57892ba5e2fd,B,7.188,1,1,1
bed9a458-c73e-4ca1-95d9-6673c558c788,A,6.601,0,0,1
22bccb76-fa6a-47e7-81d2-4cf1083c7324,A,6.257,0,0,1
7c6dbecb-bfa3-474d-946e-f9f6fefd9600,B,7.035,0,0,1
d669d1e8-f9df-46ef-bfc5-7ac726f75748,A,6.743,0,0,1
0fbf7dbc-0748-407c-bcf9-d89b02de0824,A,6.303,0,0,1
2a088f28-6b3a-4baf-80e4-a7e6c1fc3c1b,B,7.380,0,0,1
0914a17a-bccf-4393-82f9-c24ded1a8e7c,A,6.563,0,0,1
0c6cf2a7-6a9e-4db0-8586-d76fc7f7cc91,B,6.955,0,0,1
e74db0f7-975f-49ae-bb8f-bdd50c146ffd,A,6.427,0,0,1
16a65a7f-0808-40aa-bfa6-202f91bc27fe,B,7.576,0,0,1
c415cf03-bab2-4084-a924-dd0a3058e195,A,6.032,0,0,1
b2d83e84-fc42-4878-b517-89f43066750b,A,6.536,0,0,1
cb8e4b72-5adf-4028-9942-28c39c3db3cf,B,6.285,0,0,1
2b8f840f-2d55-441b-9c8a-413e19e919ef,B,8.152,1,1,1
fc1a7e94-7ecc-49fe-bf7f-c302df322650,B,7.580,0,0,1
047dd3bb-bc59-4fa5-b144-97af457a7406,A,6.257,1,1,1
5e3b6d0f-4773-46d4-9e37-c01c33870600,B,6.968,0,0,1
39f82959-b2ae-47f9-83e4-9500810dbb14,B,7.393,0,0,1
3dce5d82-e9ee-49a7-8395-436fb947a4e0,A,6.066,0,0,1
a5b747d2-1d27-4ac2-bcbd-d01d1aee907e,B,6.874,0,0,1
1b12f82f-91a5-4e70-ba38-b8dff50e2902,A,6.706,0,0,1
559174cf-fb6d-4f35-a3f5-6f5303edfd85,A,6.502,0,0,1
4c5d9aa5-5bb9-4047-89e9-4d04ef11f8d3,B,6.738,1,1,1
34198d9d-a745-41ee-9600-0705c3f506bc,B,7.813,0,0,1
ea7f92b4-a47e-4556-bbd5-8b95d4dcf59d,A,8.525,0,0,1
1da2c0c5-3ac7-4e09-bd12-33b5cfda2c78,A,7.326,0,0,1
c600e3dd-d8ba-463e-aa46-d61a1c626881,B,6.983,0,0,1
9bdc3843-5afc-4eff-9283-1bdff6a13079,A,6.563,1,1,1
d4b80511-66d7-42cf-bd06-66d2cc33f7a6,B,6.631,0,0,1
c0945fa2-62ab-46ad-946f-2ecf03b177b8,A,6.916,0,0,1
2f5f9ce6-33c8-4d9b-8843-74d4fb4de8c5,A,6.388,0,0,1
9a929c64-44e3-42b5-bd82-c3bb0163c2ab,A,6.244,0,0,1
7ace2e89-6850-49c7-9a5a-f56e646347c5,A,6.540,0,0,1
1815bcba-94df-4b55-b82c-bb616fc1a602,A,6.716,0,0,1
ddf4c25d-4d03-443d-b45d-a7653a972fe1,A,6.860,0,0,1
99061245-10c6-4d56-acfe-6e54701c5b57,A,6.719,0,0,1
23604b59-ac6d-4589-86f4-48d9cde2e81c,B,7.582,0,0,1
a2310e42-3394-4745-908b-ab866bd813a3,B,6.504,0,0,1
ff7b2763-0136-40a8-a014-671bf6a5e002,A,6.565,0,0,1
81e8ab6e-6c26-4465-be6d-8623d28e5bc3,A,6.157,0,0,1
2af75160-1b24-4bfc-b08b-96d59bca79de,A,6.496,0,0,1
416b35f5-cc49-4baa-9a6f-a882001322e9,B,6.804,0,0,1
f4eda02f-d719-42b0-81e7-f6c3806ca6a6,B,8.033,0,0,1
ef4751af-d5a2-46b6-9744-281c06f31958,A,6.916,0,0,1
23c964b2-c883-4f42-ac12-b362a8232682,B,6.818,0,0,1
6b544a1c-5bae-44ad-877c-560b75b97b60,A,6.314,0,0,1
0e2bbcde-51e0-49bc-8d69-ce7a21bc030c,A,6.194,0,0,1
e46c42af-cdcb-4562-80ce-275a703c8145,A,6.472,0,0,1
056c5d5d-1f98-4ecd-9d3a-b999f86dd557,A,6.480,0,0,1
9ff9d4e5-4a45-48f6-9f73-89faf631b918,B,6.669,0,0,1
91617c8e-6268-46b7-9bff-e8e8342c7c49,A,6.805,0,0,1
e3c56f39-d800-43d8-ac7f-c411e175b40f,B,6.973,0,0,1
75e70b2e-e48c-47eb-ab4b-612e86a50e8a,A,6.668,0,0,1
2c254c64-4e70-46eb-9325-1ea4269aa81e,B,6.847,0,0,1
f022df95-54f2-424d-a680-e573ec9753c9,B,6.948,0,0,1
2f14fe29-7e3c-453c-8246-42f20888a945,B,7.108,0,0,1
f3fb065b-1cf0-48f3-8ec9-a7ba24e81369,A,7.002,0,0,1
08b30036-96e6-4d44-967b-6ff86a21431b,A,7.093,0,0,1
c6cec133-e781-48af-ae3c-1f5cbb396eb2,B,6.831,1,1,1
107d5fef-4f09-4d05-a3e9-28532c7e7fa3,B,6.680,0,0,1
407273bc-4cfc-433e-94ee-b49722ed3370,B,7.622,0,0,1
a2444ed2-65b6-43e5-919b-5bd19492e2ca,B,6.714,1,1,1
fd0880e3-7d5e-4a31-9a9f-77eeff1f9a8f,A,6.793,0,0,1
74c3284b-7fcf-4f4f-8330-c264a2016783,A,6.870,1,0,0
3473db8d-6dd3-4b0a-83a4-8b9cf6a0ffd8,B,6.847,0,0,1
5659fca3-a1df-4aaa-a9fe-49209dfde3fc,A,6.002,1,1,1
f2f27db1-efd3-462b-8309-a74e28182fe6,A,6.492,0,0,1
c8c7b348-69ec-4c2b-8dc3-f98fdb2ec57d,B,6.866,0,0,1
0ead0e6a-e7a0-48eb-ac31-7092c157272d,A,6.480,0,0,1
230c7026-86f0-4835-bfcb-bfb9824c6f26,B,6.712,0,0,1
21f87891-12a6-41f2-b7a8-77c920fa3e35,B,6.860,0,0,1
72a2650c-d349-43c9-b8d1-632a1c892562,A,6.565,0,0,1
cba99106-ba77-48e5-aa67-f138259b8daf,B,7.618,0,0,1
12c7289d-24de-4a3b-aa62-d1c9824f6ada,B,6.658,0,0,1
b8a567dc-0681-4a9c-924e-3bf384dda7aa,B,6.664,0,0,1
bcbb8ca9-d596-4682-97d0-e3d6b3955f5b,B,7.261,1,1,1
b41b93fb-a824-4c1d-9930-9f0ed288a4b0,B,6.400,0,0,1
d8ced1cf-a30c-421d-949f-d0f40962903d,B,6.702,0,0,1
37c8cc51-9bc2-413c-a613-4419b5985918,B,7.432,0,0,1
ac1d47c9-2050-4b3a-81eb-49ddcb5b23a5,B,6.764,0,0,1
c916f9d3-8d5b-4a9e-a1cf-5d1410cfb283,B,7.143,0,0,1
bb9e4f02-ce12-4829-976c-594217120da0,B,7.139,0,0,1
120fe06e-8e65-4ca6-970d-c9a2b6a57ff3,B,6.537,0,0,1
48c1e91f-8544-419b-af70-81b46ce15711,B,7.492,0,0,1
5c3291c2-9214-435c-8c89-d05334bdf1af,A,6.898,0,0,1
27d44eea-24dd-4cde-ada5-03ef2f6710c3,B,7.558,0,0,1
705758f2-cc71-4169-9ded-3e0413090eb7,B,7.205,0,0,1
0ad5be6f-550d-4e12-9c97-d6c939640495,A,6.828,0,0,1
98547202-b363-4af8-ae69-e078b9251441,B,6.981,0,0,1
752e4563-57e4-4f25-b167-fc7cbfcd9b42,A,6.208,0,0,1
fe60c4fa-1e8d-4f4a-8d33-33f617631068,B,6.574,0,0,1
7d8b807c-dcf5-4de1-a788-6ce71bee84c3,A,6.864,0,0,1
812af5fe-c538-4750-a79e-a74a3eee07a1,A,7.160,0,0,1
47891f82-fb16-4f46-8c40-20dea35d759d,B,6.635,0,0,1
74689bae-294a-4bab-ad86-d1b6bec4efa7,A,6.550,0,0,1
68de6c9a-467f-4c8a-96bf-94902520ed4e,B,6.775,0,0,1
97dba40e-c310-44c6-a93c-50522fb65e09,A,6.003,0,0,1
5d717671-3d7f-4df0-bd2f-02677d589d93,B,7.194,0,0,1
71f031ca-389d-41cf-b326-5fbcba115e2b,B,6.880,0,0,1
e2ee1e3b-1e3e-4be1-ae72-b524a0e15a05,B,6.589,0,0,1
c7f34d1a-3371-464b-bcbc-9e6c45255054,A,6.792,0,0,1
b9d8c99c-0828-481a-80fd-cccc4452ba5c,B,6.759,0,0,1
e6187b39-41c8-4adc-9a07-bd4036337da2,A,6.577,0,0,1
0f4d0b82-f08b-4eb5-a744-bca7bc0dccef,A,6.479,0,0,1
82c1e350-7a6c-42cf-93ec-f03fa527f241,A,6.744,0,0,1
bb154f13-c0a5-4c07-a4d8-5896162ac5ef,B,6.993,0,0,1
84ed4ffb-84e5-43f7-ae8c-44f511341ba4,A,6.831,0,0,1
02a15474-e960-4fa9-b6a7-b1f2894c54ec,A,6.527,0,0,1
98f30efd-0e65-4abb-b3b4-b6ff9f5e9381,A,6.809,0,0,1
be4bc185-9df1-4d22-b18f-01470031dc28,B,7.506,0,0,1
84f2e233-290f-409c-8e0e-ea7d5fc9710f,A,6.108,1,1,1
327f96aa-f42b-41ba-9d9b-c38a7f499d2a,B,7.375,0,0,1
c3e4dcc0-7d88-4e4e-9ea5-303e75bf4321,A,6.865,0,0,1
4313e01e-4d43-4700-9934-f85c785e9a72,B,6.930,0,0,1
f784310b-d004-4772-a3f5-b03faa4ce1b0,B,6.335,0,0,1
067983ab-e5d6-4e18-bc16-968070f3d168,B,13.271,1,1,1
c6a78bc0-9927-45d3-b1eb-59bb953e121b,A,6.368,1,1,1
834edf52-9bd6-48ff-b7ef-f0fb8a4fbcfe,A,6.274,1,1,1
91e4b370-2507-4389-9221-4d4d1928202c,A,6.751,0,0,1
f4ec9524-693a-4122-8f94-1574d13d96e9,B,6.673,0,0,1
145105a0-4461-4238-ad5d-3166c153eb0c,A,6.537,0,0,1
a2971f58-2985-49f6-abb9-33c92e04cad4,B,6.812,0,0,1
7ebcdce6-5ebd-4df9-ab94-793f040410f3,A,6.125,0,0,1
3fe98a34-ce73-405d-b3ee-bcdcd58e047a,B,6.419,0,0,1
37275ced-87ff-4b87-8a32-ef33bcf9b1a2,A,5.857,1,1,1
b805c15d-0903-4754-a3b0-82cdba5b154f,B,7.021,0,0,1
196f9f76-227a-4a51-82cf-7c439246f855,A,6.426,0,0,1
59494ddb-ea3a-41e6-ad95-224581d7f8aa,A,6.800,1,0,0
a7ee1a8c-5eac-4fa5-ac14-641e29a293c4,B,7.016,0,0,1
444abd41-dca5-48de-9ac8-7e8f8cd4bac2,A,6.164,0,0,1
e69d3b1a-5b20-4337-9266-0df5489ad0e7,B,6.705,0,0,1
b9d3b108-ae48-4970-918b-b791fd15a208,A,6.511,0,0,1
c68a64fb-3481-4fed-a843-3e6ed7825298,B,6.745,0,0,1
9fbf34f5-353a-4a7b-9b89-ed4abff7af97,B,6.788,0,1,0
abc0b49c-c4b4-4694-bc50-1973905cb811,A,6.157,0,0,1
6c7a0713-4c0b-4d62-bb52-d7709db5ceaa,A,6.412,0,0,1
d301b43a-a902-42c9-92de-9c70c2f7c93e,B,6.619,0,0,1
3ede2440-f137-4ce9-bb71-119186f2f3b7,B,7.921,0,0,1
95307671-8d17-4ab0-862a-a157df313670,B,6.568,0,0,1
40105125-9d58-4987-8bfe-2973aec00d13,A,6.007,0,0,1
8dbb1d20-4c95-4f18-ab11-f5730a0cb423,A,5.924,0,0,1
52f99f6e-fd73-49b9-a62c-6ef13f9c6add,B,6.487,0,0,1
22d8e0e9-c307-4cb8-b8bf-95038094bf48,A,7.639,0,0,1
5d69e1f5-1972-41f5-bf6c-e1338f655069,A,6.667,0,0,1
76128369-39bd-4290-bde3-276f1d223c3c,A,6.220,0,0,1
b4830999-a464-4000-ad1c-826bfa02a599,B,6.791,0,0,1
7bc8a3e3-b3c1-402e-b825-80129f0a851b,B,6.811,0,0,1
d07b4632-5fd1-4b83-a6e9-3a68ba12e5ac,A,6.739,0,0,1
521af966-4d17-4a6e-8451-64a2e9e29d87,A,6.725,0,0,1
28316d1a-d108-40cf-8c83-44510b938d2c,B,6.464,0,0,1
9e6a42da-036f-4a5e-a9e5-886cc1e4a251,B,6.854,0,0,1
28874cf4-794c-4a4f-9cbd-63b67de17528,B,6.679,0,0,1
079efc59-78fd-4e25-a71f-970d015c3d98,A,6.813,0,0,1
afc43a64-d844-49a6-bc2e-bb2839f1cda9,B,7.314,1,1,1
c357c0af-56a7-4cc5-bfc0-d3278c43fd01,B,6.135,0,0,1
bf7ee044-d78a-4b93-a891-0757eb325860,B,6.241,0,0,1
a04f52cd-e5aa-4f1f-9821-a72198a66205,B,6.617,0,0,1
065e6fc0-59b8-4899-9001-0306e613907e,A,6.184,0,0,1
7965189f-c08d-4a5d-9a68-89119e2ff35e,B,6.816,0,0,1
a63a19b5-5460-4531-8b67-fd81aa4a1055,B,7.128,0,0,1
3370ad84-2bde-4a0a-aab0-4daef4dcb4a8,B,6.629,0,0,1
a8e8736c-9dad-45c0-987b-dbf6614c8c8c,B,6.491,0,0,1
bcb98e1b-954c-4cfc-bdf6-6669990ccee3,A,6.518,0,0,1
5162705a-ab16-45f1-b082-73ff109111ea,B,7.068,0,0,1
4cc2043a-9c29-4d5c-9a0f-c173a705ac93,A,6.321,0,0,1
cb81770a-a4c1-41d4-8a75-bffe88ea05dd,B,6.826,0,0,1
661b9afc-94ff-4247-99a0-954520200ee2,B,7.290,1,1,1
7d2a503b-33a0-4965-9715-d197795944db,A,6.668,0,0,1
83d22059-2096-4897-b625-cd7bc42c80a9,A,6.491,0,0,1
d59b58eb-aed1-4656-96b9-d3109b05c744,A,6.749,1,1,1
ba18ee7d-411a-49c2-a97e-6184483b59f3,A,6.320,0,0,1
9ff797db-33e2-46b1-9704-904f9b286e78,B,7.311,0,0,1
9437bcbe-71a7-43a9-a4ff-9173e2c5de6a,B,6.478,0,0,1
1e0afd8c-1cc0-4b19-afc8-79dd13b3718c,A,6.528,0,0,1
d3b48c02-aa11-4cc9-b8f2-85c9ecb598f4,B,6.419,0,0,1
6aa85161-2536-4280-a89b-dd6f79571f72,B,6.633,1,1,1
4af1f8ec-941a-42af-ba05-6e1cee4ab044,A,6.519,0,0,1
fdd80041-552d-4dba-bc33-14d047932990,A,6.619,0,0,1
eae65551-0f19-41c3-b6ba-1985eaaf3e16,A,6.445,0,0,1
cc098304-855c-4628-aa35-1594766bba38,B,7.372,0,0,1
b419b227-02b7-4872-832f-4b0bad6dcea1,B,6.552,0,0,1
69dc69f9-ce5d-44bc-ba55-a2a6f0bd23f8,A,6.778,0,0,1
31d8b3bd-1e60-4438-8ba5-ba0c89811128,A,6.706,0,0,1
7511fb48-fa88-4ae9-aa8b-f98f64a5552b,B,7.053,0,0,1
e582a83c-731b-4c09-b460-c769d33f7bf7,A,6.431,0,0,1
5a291b5f-a575-4da5-a5c3-ba9ee2302b89,B,6.615,0,0,1
1a6a700e-f1c3-4a20-b4f1-8277aa9501fd,B,7.513,0,0,1
47c97ac5-9371-4692-858f-8b37f8012d64,B,6.848,0,0,1
898a17a7-9ba9-482a-add2-532a94d9463c,A,6.881,0,0,1
a29676a6-6d65-405b-a410-9d99e6018406,B,6.655,0,0,1
471411a5-3225-43ce-b21c-32039e24d2c4,A,6.830,0,0,1
c609a31b-2d61-4bc4-a84e-11a870a7c9cc,A,6.193,1,1,1
63d61c71-dfd5-4d42-bb97-358391a9245f,A,5.748,0,0,1
3cda7414-465d-4309-bd72-b7b6cc673870,B,6.520,0,0,1
04dc4a55-befe-4151-b786-412a62e8cc68,B,6.492,0,0,1
b160dd11-aba5-40c3-979d-02bc1eb67045,A,6.367,0,0,1
20db4dd6-844a-445c-a76f-db82cedc5288,A,6.781,1,1,1
7b93afbb-3fd3-4ab6-9197-146b4530b73d,A,6.826,0,0,1
4158e732-2a43-4e07-9986-5dcc48f337c5,A,6.194,0,0,1
85a8ebdc-b34d-4ef0-bdc5-eb90ef7ce5f6,A,6.833,0,0,1
23b4e846-a010-4501-8cc0-110f35bd6625,B,7.710,0,0,1
03d30a11-425d-48d7-801d-4c6436a12574,A,6.478,0,0,1
9c0a00bb-1f37-478f-b37c-fb3443e82f40,B,6.348,0,0,1
3d84f2d9-0acb-4204-bcfa-79ae714d6814,B,7.293,0,0,1
98994a8b-1267-4804-b378-cc8e96a25477,A,6.201,0,0,1
eac6bd75-ac32-4f10-9bb3-8d3f0e6b6d25,B,6.476,0,1,0
26efb3a8-a83e-4213-a890-1e0caf4cbb81,A,6.464,0,0,1
5462f2fa-8ee7-47ec-87e2-f8c71b00a820,A,6.791,0,1,0
96a6aed6-d153-4966-8987-5b0af7d12192,A,6.435,0,0,1
a00f251b-88fe-4e40-bd33-0b9fc7b26672,B,6.845,1,1,1
da139776-6864-4149-8c09-51ececcf9631,B,6.639,0,0,1
f39b9a27-018c-4c7c-a227-fa9c523cfb87,B,6.800,0,0,1
0172df7c-9d7e-4b8a-9172-c2909c60d177,A,6.439,0,0,1
e5130df1-3252-4929-b70f-95b7f2ff50b0,A,6.313,0,0,1
80902f9b-1054-4264-af68-facd991558e8,B,7.087,0,0,1
26d90d48-5833-4219-a4dc-09f15bc0cced,B,6.854,0,0,1
1b169a06-322d-4c70-9da7-177707f4f6f4,A,6.458,0,0,1
be6fd36c-0cb9-4a2c-a369-5ff1e1864c53,A,6.722,1,1,1
ad3e00de-a132-41e2-8b67-1f61368f1cb6,A,7.033,0,0,1
b69b2dfa-4118-4687-85d5-59a392625d9e,B,7.150,0,0,1
c5348bdb-3b5a-431c-9871-88efc1557750,B,7.526,0,0,1
41269085-ef58-4d93-a524-542be0fe484a,B,7.118,0,0,1
2f4cc408-901f-4872-bb3b-d3842ee9aa85,A,6.631,1,1,1
f247fa76-5421-4ec3-8d4d-b742ff88abf7,B,6.482,0,0,1
b460dbdf-88d5-4e7e-b766-683d1a582b5a,A,6.678,0,0,1
3f8bb9af-60e3-4762-b2b7-6537ddddc231,A,6.426,1,1,1
84d26a2f-bde2-4631-ac27-29209832f0e8,A,6.172,0,1,0
b4098f8e-c836-4aa7-8ae1-e1487f5654e7,A,7.172,0,0,1
7c3d9569-b0d1-4096-9429-7e8293cc2e4f,B,6.895,0,0,1
7d57b049-3e67-4b13-9723-20222bdd0209,B,6.577,0,0,1
66b594bc-ec33-4aca-b608-98a00acb888a,B,6.984,0,0,1
fef4266f-5afd-40ce-9840-dfe780855c92,B,6.776,0,0,1
d531e18a-cd0c-43a1-a1df-560e94693991,A,6.453,0,0,1
fb984851-17dc-4705-bdc9-ff1e4865eeb6,B,7.231,0,0,1
9109a193-bdc7-450c-8305-f3d17f6d8e14,A,6.753,0,0,1
74dc531d-99ee-46af-b4ff-d3ebe13d3842,A,6.737,0,0,1
0b7e3b45-6710-4763-83f7-b6b579df20f7,B,6.696,0,0,1
9312081c-3f7e-489c-9cff-501635ed7437,B,7.143,0,0,1
5dd0848d-d63d-4d37-b0c9-3b6d46f43b6f,A,6.846,0,0,1
c01a1120-6d4e-45dc-8a26-3fb4a3f5b55b,A,6.330,0,0,1
fd7a270e-e22c-44f1-b142-bdb4186d6642,B,6.760,0,0,1
418e1692-970d-4c8c-b223-497d8b2e4daf,B,6.533,0,0,1
89506c68-60a4-4da5-98c2-03a8a205f2ba,A,6.634,0,0,1
b3d6075b-69f9-499c-be1b-8ddea40ff971,B,6.729,0,0,1
6a40bdc9-8903-4d3a-a24d-5712e0f8258f,A,6.490,1,1,1
13222ee8-0673-469f-9548-b6ebb1e4331b,B,6.460,0,0,1
a4ee0d6f-fbf0-4521-b0de-fdcf61b8e205,B,6.258,0,0,1
ab32dd5f-5454-4e0b-94a9-ea0ed01c1929,A,5.751,0,0,1
5960514c-53de-4c20-9b79-a6535a8e6f13,A,6.512,0,0,1
acd78d64-3e30-4b32-948e-9d0c5da5d98a,A,6.118,0,0,1
a026f9f4-5a81-4ba9-9203-7e31c9d2adaa,A,5.998,1,1,1
301970db-a8fd-4c75-8383-033dd87da47c,B,6.794,0,0,1
9a866539-c45b-4554-944a-2a08dfd3e795,B,6.758,0,0,1
a03d7578-12d9-4d12-b6f1-d374fd593c32,B,6.430,0,0,1
f60002d0-4b78-4ed4-b2ad-9f42707fcb97,B,6.832,0,0,1
0bb1a2a4-a6ee-4b03-875d-afd2b915adcc,B,6.536,0,1,0
ff0184a0-4e51-4727-baa6-72f560928857,B,6.570,0,0,1
50c73bdd-4784-4f38-b455-b5dbf976fda6,A,6.154,0,0,1
5a2b0f1d-bcb0-4199-be18-9de728c30131,A,6.630,0,0,1
730cb59a-21c6-4b97-91f4-f51c731a6cd6,B,7.266,0,0,1
75406b19-6b5a-468a-b78d-9f1ea1ff48bf,A,6.095,0,0,1
7d8481f4-25c3-48ec-b2b0-b06d506a63be,A,6.202,0,0,1
aec90a5d-115c-4c55-9b0c-588cd4216160,B,6.586,1,1,1
0ddd0a1a-2cf0-486c-a886-da80cd960d59,A,6.450,0,0,1
14f42cc3-74eb-4ebd-9af7-e628dcd485c9,A,6.667,0,0,1
b5072e5b-5857-485b-bef4-bbecdfca2d2c,A,6.497,0,0,1
a53c4340-4ea6-4546-ae92-65edaa00f904,B,6.866,1,1,1
aa60327b-08ce-4ef9-b20e-97b89e7990cf,B,6.890,0,0,1
877eea2d-821c-499b-b443-93c4d6741025,B,7.324,0,0,1
f5665b46-61e9-4f44-b61c-3fc717b26a3b,B,7.036,0,0,1
4d81859d-9e13-4e5c-ae5c-db7dae93a081,B,6.946,0,0,1
3ec82874-95b5-4328-a7c1-55394e00b4d2,A,8.829,0,0,1
e4518cd8-1e41-4751-866e-f2c4582c3967,B,6.833,0,0,1
149bac78-ff4d-4c3e-a1f4-7fbc8258982f,A,6.451,1,1,1
5945c654-28ac-4dfc-919a-9e2c987a2dbf,A,6.768,0,0,1
6ca8abbb-17c5-4fcf-b16b-3c7008ccf701,A,6.842,0,0,1
37501f6a-520d-4230-9038-58a50ebbaee1,B,7.408,0,0,1
2dffd901-bbcf-4712-9dc5-3b80bc9893b3,A,6.695,1,1,1
a1b04e38-08ec-40bd-8e34-4fe396e29750,A,6.560,0,0,1
85d76d7e-c1b7-44fd-aaa3-47f0018d1d79,A,6.633,0,0,1
0e83a22d-de64-4c39-9cbb-ae6298616db7,A,6.082,0,1,0
6bd06bcf-0797-4b2b-a272-8ecb2c6c0a03,A,6.337,0,0,1
995f1914-7a62-472a-b860-a7767e6372eb,B,7.702,0,0,1
b8f7b7c8-1ad0-4a7d-a15a-0f8d70eebc72,B,8.634,1,1,1
e0a39680-a3d1-452c-8d1f-537949678284,A,6.231,0,0,1
9e8dd8e5-2ac6-4dc8-8ceb-4567cbce00e7,A,8.040,0,0,1
492af1c3-9409-4cfc-af56-db058efb2d3c,A,6.448,0,0,1
cf40073b-6630-4e4d-ac25-117b8801398e,A,6.557,0,0,1
0210192c-e27b-4c82-9688-ed61c8ebac6f,A,7.249,0,0,1
ab4efc7f-3c93-49c0-8e94-e904951cadab,A,6.918,0,0,1
68f8a588-de33-4502-8d53-ac1bbfd3a46c,B,6.669,0,0,1
d57a678c-22e7-4361-8fce-8f3baec5d1df,A,6.118,0,0,1
4a25b4af-d5d6-447e-8e94-f8b6cbdb432c,A,6.868,1,1,1
05a31a30-700e-4735-a014-9c0023ccc37b,B,7.393,1,1,1
2e980c8c-1187-470b-8c77-c85798317944,B,6.787,0,0,1
fd119946-67f8-4127-8a56-486d3afc69cb,B,7.065,0,0,1
b165a45c-c674-40d9-8f9b-9d200451bfc3,B,6.860,1,1,1
d0b39f43-462e-4957-8e91-7224efe5c129,B,7.139,0,0,1
06b4a70d-bccc-4a75-9f59-e254b770b54b,A,7.145,0,0,1
7bec9752-ae2e-46d8-8549-a41c8137162d,A,7.151,0,0,1
f62d2f65-6083-42bd-8ee1-0575c481b8d4,A,6.183,1,0,0
01de4ca7-fcf6-4baa-b0fa-9831fb3da6de,B,6.810,1,1,1
6df53c2e-caa7-4835-9d45-a97d18e8cd5c,A,6.223,0,0,1
94e7d1e8-dcd9-4651-939a-f81469b495bf,A,6.285,1,1,1
6d0b4a94-c988-4f55-a041-7db9f75857ee,A,6.257,0,0,1
b2de0214-cc17-4042-aeef-30edbdf8e638,B,6.916,1,1,1
540304e0-030f-429f-9bed-896dc8804bf6,A,6.877,0,0,1
6dfee0df-94a7-4c75-b044-85a39eea5c09,B,6.825,1,1,1
112bf844-de45-49ff-ab3c-b35c33fcb5df,A,6.114,0,1,0
6bf78f8d-9a5e-4080-a32a-5423f347cef3,B,7.142,0,0,1
a3b1c0d3-a7f0-46d4-811f-947ebfa09f27,B,7.202,0,0,1
44eeddc7-4378-4deb-99c8-266976d64993,A,6.390,0,0,1
e25320b3-7931-45e2-b996-ac501a3bd8f3,B,7.022,0,0,1
fb5b7398-7839-4eb9-8c34-2e11ca7208e1,A,6.537,0,0,1
909d8cca-5e03-459f-9121-36a8cd87ec53,B,6.563,0,0,1
0bc086af-7700-48cd-866c-708a45881de9,A,6.483,0,0,1
23da2698-76bf-4811-995f-7c7021982977,B,7.433,1,1,1
a7434ad7-dfc2-45a0-8027-0645d2e54393,A,6.493,1,1,1
0cd25340-1272-40c7-9e63-57bf581e6a21,A,6.302,0,0,1
abde7492-2496-46ec-a001-6c1a317a218c,A,6.559,0,0,1
de90f55d-702b-4e10-9d05-494896c634e8,A,5.798,0,0,1
dd5b09fa-b00c-4e6f-9980-b8d0ae46ddb1,B,6.286,0,0,1
0562f8d0-20fa-44bf-b23c-228e61b5f81f,A,5.780,0,0,1
4d67246c-e22d-457d-8435-c0f69919352d,A,6.351,0,0,1
e039d5c2-9182-4aa4-b66c-869812de6dbd,A,6.089,0,0,1
e081e726-09aa-4aa0-ba8f-73044f2e582c,B,7.002,0,0,1
6c54b3ff-1d4d-4f8b-aaeb-e61fe0942283,B,7.035,0,0,1
80ad442a-cae3-49df-86ba-593d3cedfc7e,B,7.425,0,0,1
8fe2b5c9-d425-4a42-b213-50a7dca1f5d2,B,6.448,0,0,1
64a1c9ba-4ee7-4397-86c2-35cb997ce781,B,7.539,0,0,1
de6921a5-ad5a-4883-8a35-b39356928ec0,B,7.445,1,0,0
c88dbc87-9bdb-4d3b-83ff-86d470bbe6af,A,7.021,0,0,1
910655d7-515e-41aa-a4e5-6ae885e12f9f,A,6.247,0,0,1
aea0d347-9bc6-44f0-9142-16511f2f95e9,B,7.166,0,1,0
b0dbc9c7-1638-4a6c-8c1f-2d47c885ee39,A,6.283,0,0,1
b470f71e-2824-469e-b0fa-df208bc87b7e,A,6.503,0,0,1
4ebd0c46-1018-4552-805e-efca96ac0e0d,A,6.371,0,0,1
eef7c21f-a25c-4ad4-8f34-30269f6d3ee5,A,6.352,0,0,1
f38b7e04-6e08-4746-97c3-7a6b9188493b,B,6.056,0,0,1
b5abc136-9f3e-45eb-b3bd-9403656892e6,A,6.030,0,0,1
3443780f-2ce8-48e6-937c-483240abb6e9,A,6.815,0,0,1
77ddadbd-db3a-4635-b846-51e61a75e6f9,B,7.014,0,0,1
f29bacb7-68fa-41c4-90e7-2ea0682cd897,B,6.540,0,0,1
aa9052f7-8bd6-4b36-968c-c94058ff8470,B,6.813,0,0,1
7dfd0ea5-e179-4b28-ad11-bbb10b9f99de,B,7.277,0,0,1
1404d1e9-ba0d-48b3-89da-6c65f96a20cc,B,6.662,0,0,1
6a14339e-cc1a-4c4a-a9ea-b8e4cab0abe3,B,6.902,0,0,1
75359baa-7249-4ef8-bffc-ba40f9a4aea9,A,6.893,0,0,1
0c934adb-b025-4105-9037-4496b428f146,B,7.171,0,0,1
5bdad18a-5fb3-4540-a8ab-d603cdb03d52,A,6.538,0,0,1
3ddb6bc4-8a1c-4b3d-878f-671b5c309b00,A,6.578,0,0,1
c7b08af7-6440-48ab-9de5-ec0627dd1984,B,7.029,0,0,1
3b5c03cc-3e95-47c3-83a7-536df9603744,B,7.108,0,0,1
b61c3404-3523-4313-bb80-a8df35c24d8b,A,6.759,0,0,1
5693e99d-f386-4696-9158-2c68a47bd06c,A,6.654,0,0,1
f4c9951b-2646-47f5-871d-ea152c458d46,B,7.627,0,0,1
55e9eb99-47bb-43f8-89c9-23c60488d948,B,7.030,0,0,1
0632e48d-bdea-4fe0-996d-7745be3ecf4f,A,7.082,0,0,1
deb49c19-a67f-4924-9b81-0cb80bd19942,A,6.541,0,0,1
97d53083-0c47-4022-9710-0d095300c5d2,B,7.648,0,0,1
2af054f2-ee74-4cda-9645-5474b6830902,A,6.799,0,0,1
d418db23-cfa9-4a1d-8331-ca9146d73874,B,7.087,0,0,1
d59f1a11-e14e-45af-8a9f-57ef02d4764a,A,6.281,0,0,1
34db7f33-7595-4d01-9f48-0cced109bc28,B,7.111,0,0,1
c2c99c6c-24c9-4fd1-8509-8f2953ff8255,B,6.753,0,0,1
a5b2ad2d-fd40-4ddd-8eae-31b4d4caa632,A,6.177,1,1,1
78d8964d-39c7-4636-b2f7-9ac3cd40193b,A,6.208,0,0,1
a0d8a33c-127c-4eaa-a80d-1c23f618c189,B,6.759,0,0,1
db55dbe6-fbf9-4394-bb01-33c54100b658,B,6.500,0,0,1
250bfb1e-8e8e-4718-9036-8ba1073072db,A,6.465,1,1,1
5c8e36f9-2cf6-4e42-9cba-7a35eca69899,B,6.404,0,0,1
402e8c52-8793-4c47-abbf-d549e902bbd4,A,6.270,0,0,1
63995838-0ad3-4fc4-8450-23a31bb7ef2e,B,7.002,0,0,1
40be7b17-f46d-423b-bd6f-e2829cfd8602,B,6.542,1,1,1
37601b34-986a-446b-8fad-9f823d841265,B,7.186,0,0,1
d1999476-86fd-445a-ae0f-ef26ca46c7e5,A,6.217,0,0,1
ef00e9f2-101e-42f3-adcd-0dcbe23d2413,B,7.712,0,0,1
9145321d-40f0-4e4e-8681-dae39bd323d6,A,6.500,0,0,1
059607f3-d496-4127-9a00-48828336e509,A,6.308,0,0,1
a360933d-ad84-43d2-a30e-13c71e42a315,A,6.676,0,0,1
4c02039d-87f3-4372-a077-0d03cae00ffe,A,6.057,0,0,1
cf165744-f95c-40b6-9e56-9cc47f299672,B,6.467,1,1,1
7da02ea0-eef6-4a84-976d-72f0f8e5fd04,B,6.405,0,0,1
2b40974d-4340-49a5-b9f8-940fefbab6cb,A,5.873,0,0,1
2ce624ee-7879-410e-b0d0-8ab4cb977990,B,7.186,0,0,1
25f6b335-83b1-4d68-ad46-c52342ca2ea4,B,7.144,0,0,1
7519070d-bb7e-47ea-8fad-8850f362a80b,B,7.406,0,0,1
a20cc0d5-34c9-4bf3-8172-88b33df18357,B,6.648,0,0,1
01bcea15-170c-44be-9b9e-c9738e8299e2,B,7.290,0,0,1
d54ee459-6a51-4cda-89a6-1539db1ff39a,A,6.488,0,0,1
c904e2e6-f755-4f1d-a23d-fea4611dc271,B,7.047,0,0,1
f4a13c49-4170-4460-a6df-bdca5052f46f,A,6.654,0,0,1
b95220b4-5d0a-423e-975c-ce897fe5da2d,A,6.741,0,0,1
10adb200-7d54-4062-8237-211e78daeaa9,A,6.061,1,1,1
8b39f77b-9201-48ad-b7ee-eebd368e1425,A,6.760,0,0,1
40dbc19a-f141-463d-894e-65fc65340f23,A,6.566,0,0,1
3892d720-57da-4364-8cc8-9640ee57f1ed,A,5.990,0,0,1
ffc6695b-6d59-4943-9a78-f745bcb1f899,B,6.682,0,0,1
2b674419-8076-4965-9231-6f9581b86851,A,8.832,0,0,1
3e69af57-a02c-436a-b9d7-3b8aac0d7b59,B,6.955,0,0,1
b0242c85-1f80-47be-a20f-eb7902c64aee,B,7.291,0,0,1
47201d21-a106-44bd-b19c-63b4476d41d1,B,7.276,0,0,1
c666bd14-7025-4c8c-b27b-5d9dea872663,B,6.562,0,0,1
52fd9f1b-4c50-469f-a680-3c5f3ea0111e,B,6.783,0,0,1
bda30982-9b23-438c-860b-0d1eae9cb00e,A,6.739,0,0,1
836e98ca-6f61-483a-9e04-5986a3089a62,A,6.958,1,1,1
df85bf6b-1b21-4ab0-8a93-231ca6b4bd24,B,6.913,0,0,1
514a52ed-def6-4556-8a83-c898616cd593,A,6.425,0,0,1
8c365b12-151e-4232-91fa-2149edd2820e,A,7.008,0,0,1
044c2f87-9e8a-4265-9b7b-5c1ee380714c,B,6.540,0,0,1
87e17f9b-3114-4957-ae24-7ab75a20f668,A,6.113,0,0,1
d3cf0196-e431-4dea-92ac-13786a3e1ac0,B,6.426,1,1,1
f2b5a0ab-a66c-4d0c-b6e3-c94f2ce48ea4,B,6.711,0,0,1
129d1750-fa48-441c-a8c6-6060a4b7d0db,A,7.823,0,0,1
fb150b3d-b5a1-4de9-bccf-be3888588b29,B,6.682,0,0,1
c6d96803-67c3-455d-ac40-5a5be4fe7f2f,A,6.341,0,0,1
134a58b1-018f-421a-bb5e-052ce39fb8a2,B,6.677,0,0,1
a8280a76-0eeb-4530-801d-fdbe71c6a422,B,6.706,0,0,1
fed270de-c8b8-45b9-bfeb-28032bc9454e,A,7.187,0,0,1
5faaaa55-5668-46b7-ba34-6612c98b4ac9,A,6.844,0,0,1
52d1810b-f4f9-49a2-b9a0-4b237f21954f,B,7.314,0,0,1
73baf0f1-5235-4795-a54c-1e7df2e4701a,A,6.546,0,0,1
050c97ad-a814-4b9b-82c3-7c7688a5252e,A,6.845,0,0,1
3be148d4-2b20-4f30-b004-4edf91521107,B,7.173,0,0,1
95c09e91-53e2-43f0-90e9-22dbc0d991ba,A,6.586,0,0,1
81163ac6-2e77-4f89-8d23-56cf0e8af095,A,6.789,0,0,1
4a149790-3d7e-4273-96ce-f33d091c22c1,A,6.836,0,0,1
0a6b828a-28bc-4129-9706-ce12d10863df,B,6.567,0,0,1
b8b611c8-9bad-46dc-9718-1d8aad310dcf,A,7.273,0,0,1
b049dbeb-b881-4fde-a9ad-258e31a29de0,B,7.106,0,0,1
ff16de2a-ac24-4597-9a96-c5e63a2be709,A,6.093,0,0,1
ff761e8b-60a6-40d1-b5be-07aa21490a2f,B,7.177,0,0,1
2fa5cd1a-d07d-4dec-a1e2-a26c0213d9bf,B,7.057,0,0,1
d9f4be29-dab4-4c4d-aaa7-d76ac15a1251,A,6.451,0,0,1
14ca45d1-9eb1-48bc-b0de-c76f46c30940,A,6.754,0,0,1
4474ae1c-af25-4638-811c-915460c6841c,A,7.156,0,0,1
c6c84c58-74ae-4e75-925c-068fbeb10371,A,7.258,0,0,1
f5d65caf-ac9b-4b8c-a099-61365ba6c35c,B,6.996,0,0,1
8ac88816-8605-4905-99b9-ed0064a67414,B,8.026,0,0,1
3e37f993-4d57-4bba-851a-ca53a6e94759,A,7.392,0,0,1
c28c1aa5-84d4-4414-b4cb-94bb06a50a60,A,7.245,0,0,1
2b51d3e7-27cf-4ad1-b625-3fe850669d10,B,7.386,0,0,1
e0ccd06a-e48d-4c89-b010-ab1fe5cd0026,B,7.057,0,0,1
c416db74-ae8f-4736-9246-b416fe9f22cd,A,7.188,1,1,1
7c3789ad-1105-4257-925b-e476d3cc9809,A,6.925,1,1,1
608500fd-2fce-4d8e-b496-0468cd841daf,B,7.017,0,0,1
ea61047d-023f-41c4-b953-45f310cc5b49,A,6.675,0,0,1
b91ec24e-49d6-48a8-b9d9-f5f6f6ffed4d,B,6.778,0,0,1
b71373f4-2349-4fd0-ab0d-42070bac8de9,B,7.426,0,0,1
78e50a22-acdc-4151-a9d0-6823b81f5b6d,A,7.467,0,0,1
07697287-3123-432d-a822-d73cd2ab5c68,B,7.872,0,0,1
c5d225b3-452f-4314-a9f4-15c0cef4cc5f,A,6.912,0,0,1
f29ff164-d94f-46c5-b9bf-01ff7b2b23a6,B,7.620,0,0,1
edde42e9-01f4-4604-ae9d-fcb3a1f96055,B,6.997,1,1,1
1418ac95-70a7-4293-b1bc-bbce724915d6,A,6.593,0,0,1
a74cfe54-b109-4d59-bfc5-c72ca991130b,A,7.179,0,0,1
59a14085-fb0c-46f2-9685-90557b647cdd,B,7.266,0,0,1
7ad52737-5c26-463a-be0c-8193b3a47a0b,A,6.637,0,0,1
8df4cfac-7fc9-49de-b060-e11e4f3b1814,A,6.927,0,0,1
ea6f0da1-3c21-4e57-b3bf-2520db8af9ee,B,7.220,1,1,1
2a343bd6-193f-40a6-bb99-b39033505cc3,B,6.881,0,0,1
345a3c18-42b0-40ac-a66e-2d69be3a6c2c,B,7.679,0,0,1
67ac5b96-5080-4619-b6eb-45973383e03b,B,7.731,0,0,1
ee432c4e-81ea-4ec9-a325-bc3948d1439e,A,6.829,0,0,1
940357da-9f32-4f21-83d7-6000520a3fec,A,6.566,0,0,1
609cb647-958a-4564-9467-d653ee9f3552,A,7.316,0,0,1
c97a460c-b126-4b45-8aa7-b2dc942a31a4,A,7.022,0,0,1
40ba7cdd-5b23-4f99-b0cd-85405b92b88f,A,6.721,0,0,1
f29f843c-b42e-4918-890d-f62baf33f702,A,7.525,0,0,1
245f482c-021c-4137-adf5-c4761ee714dd,A,6.591,0,0,1
bd588f3b-731f-4723-85ee-13ba79cd8103,A,6.593,1,1,1
e7965d99-786d-4280-92f2-9b94150b46e1,A,6.850,0,0,1
c432491b-deeb-4d59-b7be-2c7980ca9fb7,A,7.761,1,1,1
c54916c5-6e53-4f67-b64d-b5fa77e0a105,B,7.270,0,0,1
0737a66f-326e-463b-ada3-e0e96619ee15,A,7.284,0,0,1
cec4ef4d-8a2d-4fa8-a335-87f6dfda4e00,A,7.346,0,0,1
11763a3b-d73c-48da-8a66-adb32d102602,A,6.838,0,0,1
9774bcdb-eccc-4833-bbd4-5d0a28175f47,B,7.305,0,0,1
5d3d475c-0228-4a8a-9f76-cefa18645a6e,B,14.624,1,1,1
1a7925d4-1a9a-45cb-85dd-3c410a18e192,B,8.601,0,0,1
4f0fa8a9-ec8c-4cc4-b9ae-0c03a17fed80,A,7.788,0,0,1
32a5810a-fce6-410e-84a7-67c1ecd790bd,A,6.721,0,0,1
301794c2-5290-4bd5-819f-4197ea92055e,B,7.230,0,0,1
dfdeb5f1-43b9-4796-9a55-281cd9af3a39,B,7.641,0,0,1
654b40fd-346f-4f0f-a0e2-db1a81117c8a,B,7.751,0,0,1
3cea597c-8397-4fcd-8996-35bc20de054c,A,6.703,0,0,1
9e589ed1-ae9d-42a7-991b-84186275e6cb,B,7.293,0,0,1
35cf745e-1296-4c7c-b3e3-cf0eb0c26f0f,B,7.774,0,0,1
7b52c84b-bc1a-4c9d-a0f9-2d1945dddafc,B,7.368,0,0,1
7ffbfcc1-6e0a-4a97-800f-ea9d7c4e15ee,B,8.325,0,0,1
1190dff2-a62f-43dd-9176-27607ca416ec,A,8.890,1,1,1
397ef51c-171d-4f40-97bc-9bdde5238504,B,7.975,0,0,1
07abdd29-95f6-4ea5-a84d-fd7c2af6fbf5,B,8.384,0,0,1
c0cd7105-cef2-4b38-83db-adc4bafb4ac5,B,7.624,0,0,1
873b8dfe-6faf-4492-a42e-5a29ba1e5c61,A,7.336,0,0,1
7388f5fa-55e0-426f-8bec-5728def212df,B,6.716,0,0,1
79592976-d616-489f-a2c3-9084afd65766,A,6.464,0,0,1
47b6d00a-551d-4faf-83c0-4619e688688c,B,6.528,0,0,1
8e248edf-e112-467f-b2a9-e47c991942c3,A,6.564,0,0,1
b9e66e81-6bb8-4ecd-ba99-6b7fb20dd79a,B,7.539,1,1,1
07ff4a47-fd04-4844-93dd-8aca61aeb4cf,A,6.309,0,0,1
5a3bb61c-4779-4b9f-84eb-6a6fedf02ff6,B,6.449,0,0,1
d15884cd-acbe-4182-91b5-5ec5f8c8d580,A,6.595,0,0,1
31022151-60cc-4747-bcd3-6b0e91dcf07b,A,5.823,0,0,1
54e66529-846a-4545-849e-5d07c33a1477,A,6.570,1,1,1
bdd2e2fc-777e-4846-a586-32eea6103984,A,6.038,0,0,1
f3b1d1d8-85d1-4363-865e-8fb8fcbe228b,A,5.965,1,1,1
c7b03ffe-2810-4f7e-92e0-58244c6a9bce,A,5.959,0,0,1
19cd5729-c15c-4fb1-8761-477fbd81fafb,A,6.465,0,0,1
ca5c9363-60bb-4fbe-b4b7-ecde506eb0e5,A,6.875,0,1,0
c2a1fc6d-d2ad-4768-88ec-1fe24bd3cb77,A,7.144,0,0,1
d4607f37-d01f-42a6-be09-1a7eac3fb2cf,A,6.086,1,1,1
ac2c30b6-764a-485b-96e7-dfe4753e46b4,A,6.309,1,1,1
698117f1-5e16-4692-9b6c-c3bdbcc9f58a,A,5.907,0,0,1
b0ec1596-3eef-4091-97e5-b13fbd902e1b,A,6.443,0,0,1
2b133a12-b6fa-4380-8c5c-d04f12279c00,B,7.086,0,0,1
b6056b3d-36e5-441b-aaa5-841d0992157f,B,6.650,1,1,1
bb8284e4-5081-433c-9537-a1c779cacb38,B,6.836,0,0,1
547fa19d-39b1-4139-8ca0-5a3b2f7e58f1,A,9.159,0,0,1
6eb8a76a-e2a8-4ad6-9a93-176176f8f93b,B,6.571,0,0,1
dbb5453b-d33a-40df-9168-d194443ddc1b,B,6.814,0,1,0
2b9eb1ce-8f7b-47ad-903e-0eb980874ae7,A,5.931,1,1,1
cc7169a6-0b21-4d2f-8b1b-944f9ae3c773,A,6.317,0,0,1
f352b8d0-669e-44f1-b98a-d705fe0707ea,B,6.524,0,0,1
be280c3a-dfd0-4ae6-a556-8bb706dfca41,A,5.976,0,0,1
f53d79ff-6a0e-4ca9-8797-509676be1f15,B,6.576,0,0,1
6966c17d-7332-4021-9cfa-1554d289625b,A,6.544,0,0,1
2d7de5db-ede5-4186-878b-34ec803be07a,A,5.701,1,1,1
7b651be0-523b-4240-9da8-24fc66691e1a,A,6.290,1,1,1
d1749ab2-7449-49e0-9502-57b2e2397941,B,6.845,0,0,1
280c5fb9-fb19-47ac-b995-815ff405515c,A,6.101,0,0,1
3cd74fe5-435a-4c80-ac40-31bc1401292e,A,6.225,0,0,1
1dd5a9bd-353c-4866-9fee-269643e30b7f,B,6.419,0,0,1
e4f3984d-de1c-45c5-aec5-57e37004333b,B,6.244,0,0,1
70c80022-4401-4b81-8e5c-22784e00bfe5,A,6.207,0,0,1
6831da7a-293a-4829-80af-b46645821670,A,5.884,0,0,1
8ce92585-a0a8-4d4d-9e52-c33234225563,B,6.535,0,0,1
73fae62b-673e-4029-a4a1-8bf326be9063,B,6.156,0,0,1
211a9b82-4298-4a76-b660-743a0bfb08c5,A,6.176,1,1,1
ae18f895-d3a5-48a1-a7a8-0e1ea839e6d0,A,6.199,1,1,1
89fcfdbb-021d-4fa6-b1b0-4d4950646716,B,6.827,0,0,1
02423778-27c9-4d60-9332-665dc992744a,B,6.579,0,0,1
1be0d1e5-0649-4827-8f27-182392c4d6f5,A,6.330,0,0,1
76063aa6-8cc1-45a9-bce5-b9b4c4c4557a,B,6.670,0,0,1
b82d1a17-e668-43ec-89e8-791629400fe5,A,5.987,0,0,1
df11c7e4-938c-48cb-98b3-34f793d2d40e,B,6.028,0,0,1
19473314-fffa-4f50-860a-9e1719e30334,A,5.824,0,0,1
2d2e7921-6851-48b5-bc55-faaad895666f,A,5.750,0,0,1
d1f7c4f2-56c8-4023-9e36-7ebd6447d3e6,B,6.348,0,0,1
27969895-a941-4b2c-a361-9c62b938d5ec,B,6.838,0,0,1
6223b0f1-ed8c-4141-bff8-93f7c68809a1,A,6.037,0,0,1
3d9883c6-a7a9-42e3-ab2d-8956efdb4d1e,B,6.964,0,0,1
c188d7f5-9066-452a-9899-d82251631cf9,A,6.234,1,1,1
402bd58e-4efe-4e9e-9c2a-89a4466239f4,B,6.690,0,0,1
f8a567d2-5fa9-4ead-9898-13eca0693044,B,6.632,0,0,1
5b71e1f0-8b30-4548-be67-86221dfef476,B,6.891,0,0,1
4ab41db4-af76-4e32-8d76-2c1482476033,B,6.579,0,0,1
dbd8dba0-d4b7-405e-8fa1-79fd5670d01d,A,6.057,0,0,1
0d07a17c-e8c5-4410-8fae-200346a8a61d,A,6.013,0,0,1
a1a1949e-5918-4e4a-88c0-b588c6e45f45,A,6.302,0,0,1
7e11a01d-ca8c-4b9c-a9ee-df566d732154,B,6.462,0,0,1
61019bec-6424-4772-a792-eac77d116cdf,A,6.282,0,0,1
1dd674f0-712c-4d47-92b8-e32337e1d68b,A,6.038,0,0,1
362d9a44-8400-4416-a370-fa461c4051a6,B,6.403,0,0,1
e1e12430-f68b-4518-8321-a520338c96b8,A,6.538,0,0,1
4d6faaff-a305-45a9-9937-64e458e69d6c,A,5.949,0,0,1
5d8f9410-3656-4c80-8059-37e43ab5c6cf,A,5.724,0,0,1
d9baddb0-cb00-4827-b428-27fcd14d2881,B,6.510,0,0,1
e6625e4e-8c33-4960-9ae2-f997b5892170,B,6.225,0,0,1
c7b0ff26-08ff-46a9-9758-1d829f0ddcbc,B,6.910,1,1,1
641c038f-c432-4693-9ab5-67920e82b057,A,6.846,0,0,1
2d20bbba-99a5-4444-90df-0c4a0b30b592,A,9.097,1,1,1
e85e6eeb-0959-4fea-8e18-2beaf1a3405d,A,6.147,0,0,1
0ced9415-4c9f-4946-adfd-cc8f2872df58,A,6.589,0,0,1
a0359228-f66d-4cbb-8bb3-6db3a513bb0a,A,5.874,0,0,1
600c7a4f-50a2-4e6c-a3ee-d2ce599767ef,A,5.797,0,0,1
99228bd8-49bd-4d9f-80b0-bd7d1a61671e,B,6.422,0,0,1
8aeb1d08-8fce-4f41-8201-8cdcc1f28c5e,B,6.822,0,0,1
c1645978-52e9-4786-83e9-da2391ba58c1,A,5.910,0,0,1
674ad3aa-9101-440d-8024-dedbb470d87e,B,6.563,0,0,1
438e82d8-0095-44cc-9658-6f97ae6de3bb,B,6.594,0,0,1
